{"cameraMode":{"drawMode":0,"name":"Shaded","section":"Shading Mode"},"sceneLighting":true,"audioPlay":false,"sceneViewState":{"m_AlwaysRefresh":false,"showFog":true,"showSkybox":true,"showFlares":true,"showImageEffects":true,"showParticleSystems":true,"showVisualEffectGraphs":true,"m_FxEnabled":true},"in2DMode":false,"pivot":{"x":25.340091705322267,"y":-27.252689361572267,"z":48.394325256347659},"rotation":{"x":-0.35705867409706118,"y":-0.4176173210144043,"z":0.18293817341327668,"w":-0.8152822852134705},"size":22.80621910095215,"orthographic":false}