{"cameraMode":{"drawMode":0,"name":"Shaded","section":"Shading Mode"},"sceneLighting":true,"audioPlay":false,"sceneViewState":{"m_AlwaysRefresh":false,"showFog":true,"showSkybox":true,"showFlares":true,"showImageEffects":true,"showParticleSystems":true,"showVisualEffectGraphs":true,"m_FxEnabled":true},"in2DMode":false,"pivot":{"x":-7.2087249755859379,"y":19.251590728759767,"z":25.580856323242189},"rotation":{"x":-0.3143232464790344,"y":-0.49688825011253359,"z":0.19921839237213136,"w":-0.7839825749397278},"size":10.634220123291016,"orthographic":false}