{"cameraMode":{"drawMode":0,"name":"Shaded","section":"Shading Mode"},"sceneLighting":true,"audioPlay":false,"sceneViewState":{"m_AlwaysRefresh":false,"showFog":true,"showSkybox":true,"showFlares":true,"showImageEffects":true,"showParticleSystems":true,"showVisualEffectGraphs":true,"m_FxEnabled":true},"in2DMode":false,"pivot":{"x":-1.0074384212493897,"y":2.3397445678710939,"z":33.165367126464847},"rotation":{"x":-0.11924593150615692,"y":0.8464192748069763,"z":-0.21333160996437074,"w":-0.47312256693840029},"size":2.282350540161133,"orthographic":false}