{"cameraMode":{"drawMode":0,"name":"Shaded","section":"Shading Mode"},"sceneLighting":true,"audioPlay":false,"sceneViewState":{"m_AlwaysRefresh":false,"showFog":true,"showSkybox":true,"showFlares":true,"showImageEffects":true,"showParticleSystems":true,"showVisualEffectGraphs":true,"m_FxEnabled":true},"in2DMode":false,"pivot":{"x":1.341174602508545,"y":-7.5644025802612309,"z":50.605323791503909},"rotation":{"x":-0.3337591886520386,"y":-0.15678104758262635,"z":0.05642426013946533,"w":-0.9278357028961182},"size":12.272008895874024,"orthographic":false}